NAME,GSS_CODE,HECTARES,NONLD_AREA,LB_GSS_CD,BOROUGH
Chessington South,E05000405,755.173,0,E09000021,Kingston upon Thames
Tolworth and Hook Rise,E05000414,259.464,0,E09000021,Kingston upon Thames
Berrylands,E05000401,145.39,0,E09000021,Kingston upon Thames
Alexandra,E05000400,268.506,0,E09000021,Kingston upon Thames
Beverley,E05000402,187.821,0,E09000021,Kingston upon Thames
Coombe Hill,E05000406,442.17,0,E09000021,Kingston upon Thames
Chessington North and Hook,E05000404,192.98,0,E09000021,Kingston upon Thames
Surbiton Hill,E05000413,166.482,0,E09000021,Kingston upon Thames
Old Malden,E05000410,180.016,0,E09000021,Kingston upon Thames
St. Mark's,E05000412,137.578,0,E09000021,Kingston upon Thames
Grove,E05000408,192.034,0,E09000021,Kingston upon Thames
Canbury,E05000403,124.241,0,E09000021,Kingston upon Thames
Norbiton,E05000409,134.711,0,E09000021,Kingston upon Thames
Coombe Vale,E05000407,164.71,0,E09000021,Kingston upon Thames
St. James,E05000411,216.584,0,E09000021,Kingston upon Thames
Tudor,E05000415,158.255,0,E09000021,Kingston upon Thames
Coulsdon East,E05000150,774.358,0,E09000008,Croydon
Selsdon and Ballards,E05000162,639.834,0,E09000008,Croydon
Coulsdon West,E05000151,499.147,0,E09000008,Croydon
Waddon,E05000167,364.759,0,E09000008,Croydon
Kenley,E05000156,645.609,0,E09000008,Croydon
Purley,E05000159,417.518,0,E09000008,Croydon
Sanderstead,E05000160,634.697,0,E09000008,Croydon
Heathfield,E05000155,871.342,0,E09000008,Croydon
Fairfield,E05000153,377.221,0,E09000008,Croydon
Broad Green,E05000149,266.195,0,E09000008,Croydon
West Thornton,E05000168,197.117,0,E09000008,Croydon
Bensham Manor,E05000148,144.147,0,E09000008,Croydon
Norbury,E05000158,251.818,0,E09000008,Croydon
New Addington,E05000157,241.71,0,E09000008,Croydon
Croham,E05000152,352.705,0,E09000008,Croydon
Fieldway,E05000154,148.649,0,E09000008,Croydon
Shirley,E05000163,280.541,0,E09000008,Croydon
Selhurst,E05000161,227.303,0,E09000008,Croydon
Ashburton,E05000147,271.173,0,E09000008,Croydon
Woodside,E05000169,216.651,0,E09000008,Croydon
Thornton Heath,E05000165,168.107,0,E09000008,Croydon
Upper Norwood,E05000166,262.328,0,E09000008,Croydon
South Norwood,E05000164,237.817,0,E09000008,Croydon
Addiscombe,E05000146,158.808,0,E09000008,Croydon
Darwin,E05000117,2903.96,0,E09000006,Bromley
Hayes and Coney Hall,E05000119,1082.306,0,E09000006,Bromley
Bromley Common and Keston,E05000108,830.82,0,E09000006,Bromley
Chelsfield and Pratts Bottom,E05000110,1256.32,0,E09000006,Bromley
Biggin Hill,E05000107,828.039,0,E09000006,Bromley
West Wickham,E05000127,441.047,0,E09000006,Bromley
Clock House,E05000112,226.647,0,E09000006,Bromley
Kelsey and Eden Park,E05000120,519.895,0,E09000006,Bromley
Farnborough and Crofton,E05000118,700.584,0,E09000006,Bromley
Shortlands,E05000126,245.665,0,E09000006,Bromley
Bromley Town,E05000109,371.656,0,E09000006,Bromley
Bickley,E05000106,486.913,0,E09000006,Bromley
Petts Wood and Knoll,E05000124,430.127,0,E09000006,Bromley
Crystal Palace,E05000116,229.114,0,E09000006,Bromley
Penge and Cator,E05000123,295.972,0,E09000006,Bromley
Copers Cope,E05000113,328.692,0,E09000006,Bromley
Plaistow and Sundridge,E05000125,400.094,0,E09000006,Bromley
Chislehurst,E05000111,1044.12,0,E09000006,Bromley
Mottingham and Chislehurst North,E05000121,244.184,0,E09000006,Bromley
Orpington,E05000122,425.616,0,E09000006,Bromley
Cray Valley West,E05000115,393.85,0,E09000006,Bromley
Cray Valley East,E05000114,1327.866,0,E09000006,Bromley
Bedfont,E05000346,444.841,0,E09000018,Hounslow
Hanworth,E05000353,323.258,0,E09000018,Hounslow
Cranford,E05000350,272.63,0,E09000018,Hounslow
Syon,E05000364,285.378,13.187,E09000018,Hounslow
Heston West,E05000357,382.657,0,E09000018,Hounslow
Heston East,E05000356,205.913,0,E09000018,Hounslow
Osterley and Spring Grove,E05000363,627.784,0,E09000018,Hounslow
Brentford,E05000347,318.351,3.263,E09000018,Hounslow
Chiswick Homefields,E05000348,225.923,22.286,E09000018,Hounslow
Feltham West,E05000352,318.105,0,E09000018,Hounslow
Hanworth Park,E05000354,366.126,0,E09000018,Hounslow
Feltham North,E05000351,338.448,0,E09000018,Hounslow
Hounslow Heath,E05000359,278.178,0,E09000018,Hounslow
Hounslow West,E05000361,162.018,0,E09000018,Hounslow
Heston Central,E05000355,168.478,0,E09000018,Hounslow
Hounslow South,E05000360,179.011,0,E09000018,Hounslow
Isleworth,E05000362,203.089,6.436,E09000018,Hounslow
Hounslow Central,E05000358,173.393,0,E09000018,Hounslow
Chiswick Riverside,E05000349,208.007,15.584,E09000018,Hounslow
Turnham Green,E05000365,176.953,0,E09000018,Hounslow
Norwood Green,E05000186,379.609,0,E09000009,Ealing
Southall Green,E05000190,158.616,0,E09000009,Ealing
Northolt West End,E05000185,354.536,0,E09000009,Ealing
Dormers Wells,E05000172,225.73,0,E09000009,Ealing
Greenford Broadway,E05000177,251.669,0,E09000009,Ealing
North Greenford,E05000183,325.737,0,E09000009,Ealing
Northfield,E05000182,154.011,0,E09000009,Ealing
East Acton,E05000175,427.588,0,E09000009,Ealing
Southall Broadway,E05000189,161.725,0,E09000009,Ealing
Elthorne,E05000176,199.963,0,E09000009,Ealing
Walpole,E05000192,146.596,0,E09000009,Ealing
Lady Margaret,E05000181,154.182,0,E09000009,Ealing
Northolt Mandeville,E05000184,275.664,0,E09000009,Ealing
Hobbayne,E05000180,220.937,0,E09000009,Ealing
Cleveland,E05000171,222.856,0,E09000009,Ealing
Greenford Green,E05000178,338.477,0,E09000009,Ealing
Perivale,E05000187,336.775,0,E09000009,Ealing
Ealing Common,E05000174,214.106,0,E09000009,Ealing
Ealing Broadway,E05000173,185.676,0,E09000009,Ealing
South Acton,E05000188,171.92,0,E09000009,Ealing
Southfield,E05000191,142.869,0,E09000009,Ealing
Acton Central,E05000170,177.463,0,E09000009,Ealing
Hanger Hill,E05000179,327.724,0,E09000009,Ealing
Upminster,E05000323,2253.736,0,E09000016,Havering
Rainham and Wennington,E05000318,1688.01,154.284,E09000016,Havering
South Hornchurch,E05000321,687.318,56.479,E09000016,Havering
Elm Park,E05000308,366.535,0,E09000016,Havering
Brooklands,E05000306,420.264,0,E09000016,Havering
Romford Town,E05000319,286.473,0,E09000016,Havering
Mawneys,E05000316,304.261,0,E09000016,Havering
Pettits,E05000317,395.457,0,E09000016,Havering
Hacton,E05000311,246.542,0,E09000016,Havering
St. Andrew's,E05000320,267.712,0,E09000016,Havering
Emerson Park,E05000309,464.243,0,E09000016,Havering
Squirrel's Heath,E05000322,265.147,0,E09000016,Havering
Harold Wood,E05000312,758.973,0,E09000016,Havering
Cranham,E05000307,655.501,0,E09000016,Havering
Havering Park,E05000313,978.33,0,E09000016,Havering
Heaton,E05000314,341.564,0,E09000016,Havering
Gooshays,E05000310,775.896,0,E09000016,Havering
Hylands,E05000315,289.774,0,E09000016,Havering
Heathrow Villages,E05000331,2352.117,0,E09000017,Hillingdon
Harefield,E05000330,1522.704,0,E09000017,Hillingdon
West Drayton,E05000342,349.07,0,E09000017,Hillingdon
Yiewsley,E05000345,402.251,0,E09000017,Hillingdon
Uxbridge South,E05000341,311.447,0,E09000017,Hillingdon
Brunel,E05000326,327.691,0,E09000017,Hillingdon
Uxbridge North,E05000340,464.118,0,E09000017,Hillingdon
Hillingdon East,E05000332,359.812,0,E09000017,Hillingdon
Ickenham,E05000333,620.442,0,E09000017,Hillingdon
West Ruislip,E05000343,438.74,0,E09000017,Hillingdon
Northwood,E05000335,739.794,0,E09000017,Hillingdon
South Ruislip,E05000338,741.795,0,E09000017,Hillingdon
Manor,E05000334,197.418,0,E09000017,Hillingdon
Eastcote and East Ruislip,E05000329,406.341,0,E09000017,Hillingdon
Northwood Hills,E05000336,332.91,0,E09000017,Hillingdon
Pinkwell,E05000337,274.833,0,E09000017,Hillingdon
Botwell,E05000325,436.277,0,E09000017,Hillingdon
Charville,E05000328,297.433,0,E09000017,Hillingdon
Townfield,E05000339,349.833,0,E09000017,Hillingdon
Barnhill,E05000324,211.821,0,E09000017,Hillingdon
Yeading,E05000344,232.126,0,E09000017,Hillingdon
Cavendish,E05000327,201.145,0,E09000017,Hillingdon
Roxeth,E05000302,157.492,0,E09000015,Harrow
Harrow on the Hill,E05000289,357.209,0,E09000015,Harrow
Pinner,E05000297,327.686,0,E09000015,Harrow
Pinner South,E05000298,234.561,0,E09000015,Harrow
Greenhill,E05000288,174.49,0,E09000015,Harrow
Headstone North,E05000292,329.634,0,E09000015,Harrow
Marlborough,E05000296,164.663,0,E09000015,Harrow
Harrow Weald,E05000290,458.973,0,E09000015,Harrow
Stanmore Park,E05000303,445.929,0,E09000015,Harrow
Canons,E05000286,562.632,0,E09000015,Harrow
Rayners Lane,E05000300,152.974,0,E09000015,Harrow
Roxbourne,E05000301,150.576,0,E09000015,Harrow
West Harrow,E05000305,151.462,0,E09000015,Harrow
Hatch End,E05000291,327.866,0,E09000015,Harrow
Headstone South,E05000293,146.764,0,E09000015,Harrow
Kenton West,E05000295,176.456,0,E09000015,Harrow
Wealdstone,E05000304,119.595,0,E09000015,Harrow
Belmont,E05000285,177.704,0,E09000015,Harrow
Kenton East,E05000294,127.926,0,E09000015,Harrow
Queensbury,E05000299,161.364,0,E09000015,Harrow
Edgware,E05000287,140.319,0,E09000015,Harrow
Northwick Park,E05000096,267.991,0,E09000005,Brent
Wembley Central,E05000104,160.424,0,E09000005,Brent
Preston,E05000097,238.828,0,E09000005,Brent
Stonebridge,E05000100,405.063,0,E09000005,Brent
Welsh Harp,E05000103,231.897,0,E09000005,Brent
Barnhill,E05000086,297.908,0,E09000005,Brent
Fryent,E05000090,265.938,0,E09000005,Brent
Sudbury,E05000101,212.48,0,E09000005,Brent
Alperton,E05000085,205.853,0,E09000005,Brent
Kensal Green,E05000092,112.008,0,E09000005,Brent
Harlesden,E05000091,111.37,0,E09000005,Brent
Willesden Green,E05000105,154.803,0,E09000005,Brent
Queens Park,E05000098,148.562,0,E09000005,Brent
Brondesbury Park,E05000087,172.942,0,E09000005,Brent
Kilburn,E05000094,94.4,0,E09000005,Brent
Tokyngton,E05000102,275.917,0,E09000005,Brent
Kenton,E05000093,224.315,0,E09000005,Brent
Dudden Hill,E05000089,168.144,0,E09000005,Brent
Dollis Hill,E05000088,229.956,0,E09000005,Brent
Mapesbury,E05000095,139.347,0,E09000005,Brent
Queensbury,E05000099,205.124,0,E09000005,Brent
Underhill,E05000060,455.053,0,E09000003,Barnet
High Barnet,E05000056,830.666,0,E09000003,Barnet
West Hendon,E05000062,342.865,0,E09000003,Barnet
Golders Green,E05000053,297.292,0,E09000003,Barnet
Colindale,E05000046,263.627,0,E09000003,Barnet
Childs Hill,E05000045,309.301,0,E09000003,Barnet
Garden Suburb,E05000052,472.705,0,E09000003,Barnet
Finchley Church End,E05000051,272.564,0,E09000003,Barnet
East Finchley,E05000049,250.989,0,E09000003,Barnet
Edgware,E05000050,555.652,0,E09000003,Barnet
Mill Hill,E05000057,938.921,0,E09000003,Barnet
Hale,E05000054,542.315,0,E09000003,Barnet
Totteridge,E05000059,877.446,0,E09000003,Barnet
Oakleigh,E05000058,331.861,0,E09000003,Barnet
Woodhouse,E05000063,262.117,0,E09000003,Barnet
Coppetts,E05000047,272.058,0,E09000003,Barnet
Brunswick Park,E05000043,317.526,0,E09000003,Barnet
East Barnet,E05000048,374.943,0,E09000003,Barnet
Burnt Oak,E05000044,206.719,0,E09000003,Barnet
Hendon,E05000055,283.871,0,E09000003,Barnet
West Finchley,E05000061,216.344,0,E09000003,Barnet
Streatham South,E05000431,169.809,0,E09000022,Lambeth
St. Leonard's,E05000428,144.773,0,E09000022,Lambeth
Streatham Wells,E05000432,144.978,0,E09000022,Lambeth
Knight's Hill,E05000424,147.166,0,E09000022,Lambeth
Thornton,E05000433,107.759,0,E09000022,Lambeth
Streatham Hill,E05000430,127.063,0,E09000022,Lambeth
Clapham Common,E05000418,133.854,0,E09000022,Lambeth
Brixton Hill,E05000417,113.124,0,E09000022,Lambeth
Tulse Hill,E05000435,103.195,0,E09000022,Lambeth
Coldharbour,E05000420,120.806,0,E09000022,Lambeth
Ferndale,E05000421,85.073,0,E09000022,Lambeth
Larkhall,E05000425,106.124,0,E09000022,Lambeth
Oval,E05000426,127.764,3.586,E09000022,Lambeth
Vassall,E05000436,112.973,0,E09000022,Lambeth
Gipsy Hill,E05000422,157.067,0,E09000022,Lambeth
Thurlow Park,E05000434,151.482,0,E09000022,Lambeth
Herne Hill,E05000423,203.038,0,E09000022,Lambeth
Bishop's,E05000416,153.959,30.258,E09000022,Lambeth
Clapham Town,E05000419,111.893,0,E09000022,Lambeth
Stockwell,E05000429,86.678,0,E09000022,Lambeth
Prince's,E05000427,116.363,10.083,E09000022,Lambeth
College,E05000538,323.324,0,E09000028,Southwark
Riverside,E05000548,132.822,28.574,E09000028,Southwark
Village,E05000554,278.745,0,E09000028,Southwark
South Camberwell,E05000551,133.149,0,E09000028,Southwark
East Dulwich,E05000539,102.069,0,E09000028,Southwark
Peckham Rye,E05000547,225.242,0,E09000028,Southwark
Camberwell Green,E05000535,97.461,0,E09000028,Southwark
Brunswick Park,E05000534,93.441,0,E09000028,Southwark
The Lane,E05000553,138.888,0,E09000028,Southwark
Nunhead,E05000545,132.84,0,E09000028,Southwark
Peckham,E05000546,86.966,0,E09000028,Southwark
Newington,E05000544,83.358,0,E09000028,Southwark
Faraday,E05000541,87.815,0,E09000028,Southwark
East Walworth,E05000540,114.662,0,E09000028,Southwark
Livesey,E05000543,143.832,0,E09000028,Southwark
South Bermondsey,E05000550,97.363,0,E09000028,Southwark
Cathedrals,E05000536,176.822,18.584,E09000028,Southwark
Grange,E05000542,121.453,0,E09000028,Southwark
Rotherhithe,E05000549,149.05,12.968,E09000028,Southwark
Surrey Docks,E05000552,190.062,45.013,E09000028,Southwark
Chaucer,E05000537,81.977,0,E09000028,Southwark
Bellingham,E05000437,308.471,0,E09000023,Lewisham
Telegraph Hill,E05000453,154.631,0,E09000023,Lewisham
Downham,E05000442,238.178,0,E09000023,Lewisham
Whitefoot,E05000454,223.004,0,E09000023,Lewisham
Blackheath,E05000438,231.823,0,E09000023,Lewisham
Sydenham,E05000452,174.372,0,E09000023,Lewisham
Forest Hill,E05000444,182.785,0,E09000023,Lewisham
Perry Vale,E05000450,168.45,0,E09000023,Lewisham
Rushey Green,E05000451,178.524,0,E09000023,Lewisham
Catford South,E05000440,186.655,0,E09000023,Lewisham
Crofton Park,E05000441,171.962,0,E09000023,Lewisham
Ladywell,E05000446,160.598,0,E09000023,Lewisham
Lewisham Central,E05000448,206.203,0,E09000023,Lewisham
Brockley,E05000439,168.183,0,E09000023,Lewisham
New Cross,E05000449,181.114,1.407,E09000023,Lewisham
Grove Park,E05000445,239.291,0,E09000023,Lewisham
Lee Green,E05000447,179.842,0,E09000023,Lewisham
Evelyn,E05000443,177.62,15.388,E09000023,Lewisham
Middle Park and Sutcliffe,E05000224,329.143,0,E09000011,Greenwich
Coldharbour and New Eltham,E05000217,254.935,0,E09000011,Greenwich
Eltham South,E05000219,462.641,0,E09000011,Greenwich
Shooters Hill,E05000227,377.072,0,E09000011,Greenwich
Peninsula,E05000225,449.194,107.254,E09000011,Greenwich
Woolwich Riverside,E05000230,326.109,72.317,E09000011,Greenwich
Greenwich West,E05000222,279.234,26.431,E09000011,Greenwich
Eltham West,E05000220,242.564,0,E09000011,Greenwich
Blackheath Westcombe,E05000215,213.815,0,E09000011,Greenwich
Kidbrooke with Hornfair,E05000223,237.454,0,E09000011,Greenwich
Eltham North,E05000218,255.512,0,E09000011,Greenwich
Charlton,E05000216,203.12,0,E09000011,Greenwich
Woolwich Common,E05000229,262.035,0,E09000011,Greenwich
Plumstead,E05000226,234.189,0,E09000011,Greenwich
Glyndon,E05000221,170.196,15.42,E09000011,Greenwich
Thamesmead Moorings,E05000228,481.256,89.362,E09000011,Greenwich
Abbey Wood,E05000214,265.721,0,E09000011,Greenwich
Longlands,E05000078,259.723,0,E09000004,Bexley
Blackfen and Lamorbey,E05000066,168.558,0,E09000004,Bexley
Cray Meadows,E05000072,719.031,0,E09000004,Bexley
Sidcup,E05000083,270.347,0,E09000004,Bexley
St. Mary's,E05000081,442.853,0,E09000004,Bexley
Crayford,E05000071,397.229,0.451,E09000004,Bexley
North End,E05000079,568.001,122.841,E09000004,Bexley
Erith,E05000075,475.333,131.166,E09000004,Bexley
Belvedere,E05000065,317.549,30.441,E09000004,Bexley
Thamesmead East,E05000084,483.369,85.721,E09000004,Bexley
Falconwood and Welling,E05000076,167.026,0,E09000004,Bexley
East Wickham,E05000074,217.313,0,E09000004,Bexley
Blendon and Penhill,E05000067,209.79,0,E09000004,Bexley
Danson Park,E05000073,271.324,0,E09000004,Bexley
Christchurch,E05000069,255.207,0,E09000004,Bexley
St. Michael's,E05000082,144.814,0,E09000004,Bexley
Brampton,E05000068,196.746,0,E09000004,Bexley
Northumberland Heath,E05000080,175.282,0,E09000004,Bexley
Barnehurst,E05000064,287.74,0,E09000004,Bexley
Colyers,E05000070,164.393,0,E09000004,Bexley
Lesnes Abbey,E05000077,237.019,0,E09000004,Bexley
Chase,E05000195,1693.541,0,E09000010,Enfield
Winchmore Hill,E05000213,276.07,0,E09000010,Enfield
Cockfosters,E05000196,1041.279,0,E09000010,Enfield
Highlands,E05000202,508.803,0,E09000010,Enfield
Upper Edmonton,E05000212,264.24,0,E09000010,Enfield
Palmers Green,E05000205,194.212,0,E09000010,Enfield
Edmonton Green,E05000197,312.642,0,E09000010,Enfield
Lower Edmonton,E05000204,218.248,0,E09000010,Enfield
Grange,E05000200,328.516,0,E09000010,Enfield
Jubilee,E05000203,392.833,0,E09000010,Enfield
Ponders End,E05000206,354.296,0,E09000010,Enfield
Enfield Highway,E05000198,463.653,0,E09000010,Enfield
Bowes,E05000193,148.337,0,E09000010,Enfield
Southgate Green,E05000209,261.351,0,E09000010,Enfield
Southgate,E05000208,268.727,0,E09000010,Enfield
Haselbury,E05000201,179.602,0,E09000010,Enfield
Bush Hill Park,E05000194,252.449,0,E09000010,Enfield
Town,E05000210,223.14,0,E09000010,Enfield
Southbury,E05000207,286.704,0,E09000010,Enfield
Turkey Street,E05000211,226.15,0,E09000010,Enfield
Enfield Lock,E05000199,325.231,0,E09000010,Enfield
Leyton,E05000604,203.218,0,E09000031,Waltham Forest
High Street,E05000599,305.893,0,E09000031,Waltham Forest
Higham Hill,E05000600,322.124,0,E09000031,Waltham Forest
Valley,E05000607,198.482,0,E09000031,Waltham Forest
Chingford Green,E05000593,372.664,0,E09000031,Waltham Forest
Cathall,E05000591,105.712,0,E09000031,Waltham Forest
Lea Bridge,E05000603,264.686,0,E09000031,Waltham Forest
Markhouse,E05000606,145.704,0,E09000031,Waltham Forest
Grove Green,E05000596,89.582,0,E09000031,Waltham Forest
Forest,E05000595,198.605,0,E09000031,Waltham Forest
William Morris,E05000608,99.919,0,E09000031,Waltham Forest
Hoe Street,E05000601,110.006,0,E09000031,Waltham Forest
Wood Street,E05000609,185.011,0,E09000031,Waltham Forest
Chapel End,E05000592,185.015,0,E09000031,Waltham Forest
Hale End and Highams Park,E05000597,234.689,0,E09000031,Waltham Forest
Cann Hall,E05000590,85.788,0,E09000031,Waltham Forest
Larkswood,E05000602,206.57,0,E09000031,Waltham Forest
Endlebury,E05000594,194.912,0,E09000031,Waltham Forest
Hatch Lane,E05000598,241.621,0,E09000031,Waltham Forest
Leytonstone,E05000605,130.591,0,E09000031,Waltham Forest
Wanstead,E05000515,519.133,0,E09000026,Redbridge
Cranbrook,E05000502,240.079,0,E09000026,Redbridge
Newbury,E05000510,212.023,0,E09000026,Redbridge
Roding,E05000511,236.297,0,E09000026,Redbridge
Fairlop,E05000503,359.569,0,E09000026,Redbridge
Goodmayes,E05000505,164.034,0,E09000026,Redbridge
Aldborough,E05000495,859.974,0,E09000026,Redbridge
Bridge,E05000497,257.86,0,E09000026,Redbridge
Hainault,E05000506,565.287,0,E09000026,Redbridge
Loxford,E05000507,128.823,2.3,E09000026,Redbridge
Clementswood,E05000501,127.215,0,E09000026,Redbridge
Mayfield,E05000508,188.217,0,E09000026,Redbridge
Valentines,E05000514,150.328,0,E09000026,Redbridge
Seven Kings,E05000512,208.338,0,E09000026,Redbridge
Snaresbrook,E05000513,198.516,0,E09000026,Redbridge
Clayhall,E05000500,249.389,0,E09000026,Redbridge
Church End,E05000499,148.496,0,E09000026,Redbridge
Barkingside,E05000496,152.92,0,E09000026,Redbridge
Fullwell,E05000504,218.787,0,E09000026,Redbridge
Chadwell,E05000498,151.263,0,E09000026,Redbridge
Monkhams,E05000509,307.676,0,E09000026,Redbridge
Carshalton South and Clockhouse,E05000559,705.342,0,E09000029,Sutton
Cheam,E05000560,393.038,0,E09000029,Sutton
Beddington South,E05000556,306.104,0,E09000029,Sutton
St. Helier,E05000562,149.667,0,E09000029,Sutton
Wandle Valley,E05000571,205.369,0,E09000029,Sutton
Belmont,E05000557,233.332,0,E09000029,Sutton
Nonsuch,E05000561,190.702,0,E09000029,Sutton
Worcester Park,E05000572,195.703,0,E09000029,Sutton
Sutton South,E05000566,127.159,0,E09000029,Sutton
Sutton West,E05000567,178.215,0,E09000029,Sutton
Sutton Central,E05000564,131.048,0,E09000029,Sutton
Carshalton Central,E05000558,202.382,0,E09000029,Sutton
Sutton North,E05000565,187.372,0,E09000029,Sutton
Stonecot,E05000563,198.358,0,E09000029,Sutton
The Wrythe,E05000568,148.361,0,E09000029,Sutton
Wallington South,E05000570,171.798,0,E09000029,Sutton
Wallington North,E05000569,161.927,0,E09000029,Sutton
Beddington North,E05000555,498.821,0,E09000029,Sutton
Hampton,E05000520,687.724,0,E09000027,Richmond upon Thames
Teddington,E05000530,429.55,2.823,E09000027,Richmond upon Thames
Hampton Wick,E05000522,274.552,0.444,E09000027,Richmond upon Thames
Heathfield,E05000523,191.058,0,E09000027,Richmond upon Thames
Twickenham Riverside,E05000531,196.431,21.262,E09000027,Richmond upon Thames
"Ham, Petersham and Richmond Riverside",E05000519,943.267,18.15,E09000027,Richmond upon Thames
North Richmond,E05000526,280.147,8.585,E09000027,Richmond upon Thames
Kew,E05000524,357.625,27.583,E09000027,Richmond upon Thames
East Sheen,E05000517,583.319,0,E09000027,Richmond upon Thames
Mortlake and Barnes Common,E05000525,193.608,9.313,E09000027,Richmond upon Thames
Hampton North,E05000521,194.98,0,E09000027,Richmond upon Thames
Fulwell and Hampton Hill,E05000518,191.772,0,E09000027,Richmond upon Thames
West Twickenham,E05000532,245.856,0,E09000027,Richmond upon Thames
Whitton,E05000533,162.597,0,E09000027,Richmond upon Thames
South Twickenham,E05000529,172.727,3.688,E09000027,Richmond upon Thames
St. Margarets and North Twickenham,E05000527,200.763,4.026,E09000027,Richmond upon Thames
South Richmond,E05000528,269.139,3.142,E09000027,Richmond upon Thames
Barnes,E05000516,300.994,36.426,E09000027,Richmond upon Thames
Cannon Hill,E05000456,222.344,0,E09000024,Merton
Cricket Green,E05000458,299.553,0,E09000024,Merton
Village,E05000472,621.285,0,E09000024,Merton
Wimbledon Park,E05000474,231.007,0,E09000024,Merton
Lower Morden,E05000465,180.378,0,E09000024,Merton
West Barnes,E05000473,195.164,0,E09000024,Merton
Raynes Park,E05000469,185.651,0,E09000024,Merton
Dundonald,E05000459,115.197,0,E09000024,Merton
St. Helier,E05000470,184.527,0,E09000024,Merton
Ravensbury,E05000468,183.954,0,E09000024,Merton
Merton Park,E05000466,181.418,0,E09000024,Merton
Abbey,E05000455,139.326,0,E09000024,Merton
Figge's Marsh,E05000460,114.19,0,E09000024,Merton
Pollards Hill,E05000467,216.326,0,E09000024,Merton
Graveney,E05000461,88.249,0,E09000024,Merton
Longthornton,E05000464,148.343,0,E09000024,Merton
Hillside,E05000462,118.898,0,E09000024,Merton
Trinity,E05000471,107.601,0,E09000024,Merton
Lavender Fields,E05000463,117.965,0,E09000024,Merton
Colliers Wood,E05000457,111.09,0,E09000024,Merton
Roehampton and Putney Heath,E05000621,442.415,0,E09000032,Wandsworth
Thamesfield,E05000625,192.172,26.211,E09000032,Wandsworth
Wandsworth Common,E05000627,276.497,0,E09000032,Wandsworth
West Hill,E05000628,168.568,0,E09000032,Wandsworth
West Putney,E05000629,184.761,0,E09000032,Wandsworth
East Putney,E05000613,161.034,0,E09000032,Wandsworth
Graveney,E05000616,101.117,0,E09000032,Wandsworth
Tooting,E05000626,160.02,0,E09000032,Wandsworth
Southfields,E05000624,152.469,0,E09000032,Wandsworth
Earlsfield,E05000612,140.341,0,E09000032,Wandsworth
Nightingale,E05000618,123.197,0,E09000032,Wandsworth
Furzedown,E05000615,141.528,0,E09000032,Wandsworth
Bedford,E05000611,180.48,0,E09000032,Wandsworth
Balham,E05000610,121.176,0,E09000032,Wandsworth
Fairfield,E05000614,145.428,6.745,E09000032,Wandsworth
Northcote,E05000619,167.535,0,E09000032,Wandsworth
Latchmere,E05000617,108.326,0,E09000032,Wandsworth
St. Mary's Park,E05000622,139.685,31.399,E09000032,Wandsworth
Queenstown,E05000620,320.486,31.244,E09000032,Wandsworth
Shaftesbury,E05000623,94.789,0,E09000032,Wandsworth
Palace Riverside,E05000259,148.083,34.321,E09000013,Hammersmith and Fulham
Munster,E05000257,62.427,0,E09000013,Hammersmith and Fulham
Sands End,E05000262,137.806,23.596,E09000013,Hammersmith and Fulham
Parsons Green and Walham,E05000260,89.587,0,E09000013,Hammersmith and Fulham
Fulham Broadway,E05000254,66.797,0,E09000013,Hammersmith and Fulham
Ravenscourt Park,E05000261,121.533,6.317,E09000013,Hammersmith and Fulham
Hammersmith Broadway,E05000256,110.305,5.486,E09000013,Hammersmith and Fulham
Avonmore and Brook Green,E05000252,89.659,0,E09000013,Hammersmith and Fulham
Askew,E05000251,76.25,0,E09000013,Hammersmith and Fulham
Wormholt and White City,E05000265,90.164,0,E09000013,Hammersmith and Fulham
Shepherd's Bush Green,E05000263,106.82,0,E09000013,Hammersmith and Fulham
College Park and Old Oak,E05000253,343.654,0,E09000013,Hammersmith and Fulham
Town,E05000264,65.129,0,E09000013,Hammersmith and Fulham
Fulham Reach,E05000255,88.198,5.928,E09000013,Hammersmith and Fulham
North End,E05000258,63.517,0,E09000013,Hammersmith and Fulham
Addison,E05000250,55.481,0,E09000013,Hammersmith and Fulham
Cremorne,E05000387,61.028,13.241,E09000020,Kensington and Chelsea
Holland,E05000391,103.896,0,E09000020,Kensington and Chelsea
Norland,E05000392,72.393,0,E09000020,Kensington and Chelsea
Golborne,E05000389,94.413,0,E09000020,Kensington and Chelsea
Redcliffe,E05000396,69.64,0,E09000020,Kensington and Chelsea
Stanley,E05000399,66.235,0,E09000020,Kensington and Chelsea
Royal Hospital,E05000397,90.143,12.753,E09000020,Kensington and Chelsea
Brompton,E05000383,95.504,0,E09000020,Kensington and Chelsea
Abingdon,E05000382,63.06,0,E09000020,Kensington and Chelsea
Pembridge,E05000394,48.904,0,E09000020,Kensington and Chelsea
Notting Barns,E05000393,62.332,0,E09000020,Kensington and Chelsea
Colville,E05000385,39.212,0,E09000020,Kensington and Chelsea
St. Charles,E05000398,70.783,0,E09000020,Kensington and Chelsea
Earl's Court,E05000388,45.828,0,E09000020,Kensington and Chelsea
Courtfield,E05000386,47.76,0,E09000020,Kensington and Chelsea
Queen's Gate,E05000395,60.645,0,E09000020,Kensington and Chelsea
Hans Town,E05000390,55.234,0,E09000020,Kensington and Chelsea
Campden,E05000384,91.37,0,E09000020,Kensington and Chelsea
St. James's,E05000644,346.379,27.146,E09000033,Westminster
Lancaster Gate,E05000638,63.082,0,E09000033,Westminster
Knightsbridge and Belgravia,E05000637,359.43,0,E09000033,Westminster
Hyde Park,E05000636,95.514,0,E09000033,Westminster
Churchill,E05000633,60.923,9.333,E09000033,Westminster
Vincent Square,E05000646,68.355,8.89,E09000033,Westminster
West End,E05000649,199.973,0,E09000033,Westminster
Harrow Road,E05000635,49.519,0,E09000033,Westminster
Bryanston and Dorset Square,E05000632,72.318,0,E09000033,Westminster
Regent's Park,E05000643,225.576,0,E09000033,Westminster
Abbey Road,E05000630,109.492,0,E09000033,Westminster
Marylebone High Street,E05000641,100.107,0,E09000033,Westminster
Queen's Park,E05000642,58.441,0,E09000033,Westminster
Bayswater,E05000631,51.949,0,E09000033,Westminster
Warwick,E05000647,57.354,0,E09000033,Westminster
Tachbrook,E05000645,44.328,8.94,E09000033,Westminster
Westbourne,E05000648,67.646,0,E09000033,Westminster
Little Venice,E05000639,63.733,0,E09000033,Westminster
Maida Vale,E05000640,64.615,0,E09000033,Westminster
Church Street,E05000634,44.269,0,E09000033,Westminster
Swiss Cottage,E05000144,125.671,0,E09000007,Camden
Highgate,E05000137,323.926,0,E09000007,Camden
Kilburn,E05000140,68.518,0,E09000007,Camden
Bloomsbury,E05000129,102.091,0,E09000007,Camden
Holborn and Covent Garden,E05000138,119.493,0,E09000007,Camden
St. Pancras and Somers Town,E05000143,139.889,0,E09000007,Camden
Camden Town with Primrose Hill,E05000130,116.615,0,E09000007,Camden
Cantelowes,E05000131,75.933,0,E09000007,Camden
King's Cross,E05000141,61.138,0,E09000007,Camden
Fortune Green,E05000132,100.652,0,E09000007,Camden
Frognal and Fitzjohns,E05000133,153.023,0,E09000007,Camden
Gospel Oak,E05000134,69.232,0,E09000007,Camden
Hampstead Town,E05000135,244.939,0,E09000007,Camden
Kentish Town,E05000139,102.895,0,E09000007,Camden
West Hampstead,E05000145,88.729,0,E09000007,Camden
Belsize,E05000128,78.057,0,E09000007,Camden
Haverstock,E05000136,73.177,0,E09000007,Camden
Regent's Park,E05000142,134.956,0,E09000007,Camden
Millwall,E05000583,245.818,49.743,E09000030,Tower Hamlets
Blackwall and Cubitt Town,E05000575,296.713,72.369,E09000030,Tower Hamlets
Shadwell,E05000586,96.225,9.72,E09000030,Tower Hamlets
St. Katharine's and Wapping,E05000585,150.909,36.301,E09000030,Tower Hamlets
Limehouse,E05000580,114.284,7.034,E09000030,Tower Hamlets
Bethnal Green South,E05000574,88.187,0,E09000030,Tower Hamlets
Mile End and Globe Town,E05000581,90.039,0,E09000030,Tower Hamlets
Bethnal Green North,E05000573,82.534,0,E09000030,Tower Hamlets
St. Dunstan's and Stepney Green,E05000584,101.848,0,E09000030,Tower Hamlets
Mile End East,E05000582,107.133,0,E09000030,Tower Hamlets
East India and Lansbury,E05000579,122.341,4.54,E09000030,Tower Hamlets
Bromley-by-Bow,E05000578,107.073,0,E09000030,Tower Hamlets
Bow West,E05000577,134.293,0,E09000030,Tower Hamlets
Bow East,E05000576,186.61,0,E09000030,Tower Hamlets
Whitechapel,E05000589,92.147,0,E09000030,Tower Hamlets
Spitalfields and Banglatown,E05000587,63.773,0,E09000030,Tower Hamlets
Weavers,E05000588,77.575,0,E09000030,Tower Hamlets
Clerkenwell,E05000370,93.263,0,E09000019,Islington
Caledonian,E05000368,113.611,0,E09000019,Islington
St. Mary's,E05000379,86.831,0,E09000019,Islington
Holloway,E05000375,100.874,0,E09000019,Islington
Highbury East,E05000372,100.809,0,E09000019,Islington
Highbury West,E05000373,108.254,0,E09000019,Islington
Tollington,E05000381,84.866,0,E09000019,Islington
Bunhill,E05000367,108.263,0,E09000019,Islington
St. Peter's,E05000380,81.053,0,E09000019,Islington
Canonbury,E05000369,80.72,0,E09000019,Islington
Barnsbury,E05000366,83.012,0,E09000019,Islington
St. George's,E05000378,84.582,0,E09000019,Islington
Junction,E05000376,102.75,0,E09000019,Islington
Finsbury Park,E05000371,91.626,0,E09000019,Islington
Hillrise,E05000374,82.471,0,E09000019,Islington
Mildmay,E05000377,82.68,0,E09000019,Islington
Haggerston,E05000239,124.25,0,E09000012,Hackney
Brownswood,E05000231,83.855,0,E09000012,Hackney
De Beauvoir,E05000236,88.783,0,E09000012,Hackney
Queensbridge,E05000245,107.974,0,E09000012,Hackney
Wick,E05000249,162.744,0,E09000012,Hackney
Dalston,E05000235,92.658,0,E09000012,Hackney
Stoke Newington Central,E05000247,71.192,0,E09000012,Hackney
Hackney Downs,E05000238,101.805,0,E09000012,Hackney
Leabridge,E05000242,106.363,0,E09000012,Hackney
New River,E05000244,97.798,0,E09000012,Hackney
Cazenove,E05000232,68.462,0,E09000012,Hackney
King's Park,E05000241,181.956,0,E09000012,Hackney
Hoxton,E05000240,83.96,0,E09000012,Hackney
Victoria,E05000248,80.221,0,E09000012,Hackney
Hackney Central,E05000237,78.031,0,E09000012,Hackney
Chatham,E05000233,90.75,0,E09000012,Hackney
Clissold,E05000234,70.044,0,E09000012,Hackney
Lordship,E05000243,118.804,0,E09000012,Hackney
Springfield,E05000246,95.256,0,E09000012,Hackney
Highgate,E05000272,249.482,0,E09000014,Haringey
Harringay,E05000271,156.609,0,E09000014,Haringey
Fortis Green,E05000270,199.071,0,E09000014,Haringey
Bounds Green,E05000267,138.624,0,E09000014,Haringey
Crouch End,E05000269,144.04,0,E09000014,Haringey
Stroud Green,E05000279,109.374,0,E09000014,Haringey
Muswell Hill,E05000274,165.328,0,E09000014,Haringey
Hornsey,E05000273,105.39,0,E09000014,Haringey
Alexandra,E05000266,261.385,0,E09000014,Haringey
Noel Park,E05000275,122.564,0,E09000014,Haringey
Woodside,E05000284,149.715,0,E09000014,Haringey
St. Ann's,E05000277,109.381,0,E09000014,Haringey
Seven Sisters,E05000278,129.463,0,E09000014,Haringey
Tottenham Green,E05000280,135.966,0,E09000014,Haringey
West Green,E05000282,139.911,0,E09000014,Haringey
Tottenham Hale,E05000281,191.189,0,E09000014,Haringey
White Hart Lane,E05000283,169.885,0,E09000014,Haringey
Bruce Grove,E05000268,93.658,0,E09000014,Haringey
Northumberland Park,E05000276,188.802,0,E09000014,Haringey
Royal Docks,E05000491,473.052,142.283,E09000025,Newham
Canning Town North,E05000477,252.085,6.136,E09000025,Newham
Beckton,E05000475,625.188,70.665,E09000025,Newham
East Ham South,E05000482,180.899,1.742,E09000025,Newham
Stratford and New Town,E05000492,423.497,4.518,E09000025,Newham
Canning Town South,E05000478,180.875,12.292,E09000025,Newham
Custom House,E05000479,206.344,0,E09000025,Newham
Plaistow South,E05000490,138.452,0,E09000025,Newham
West Ham,E05000494,133.7,0,E09000025,Newham
Plaistow North,E05000489,98.418,0,E09000025,Newham
Forest Gate South,E05000484,119.201,0,E09000025,Newham
Boleyn,E05000476,91.718,0,E09000025,Newham
East Ham Central,E05000480,103.197,0,E09000025,Newham
Green Street West,E05000486,80.195,0,E09000025,Newham
Green Street East,E05000485,74.631,0,E09000025,Newham
East Ham North,E05000481,90.464,0,E09000025,Newham
Wall End,E05000493,137.675,0,E09000025,Newham
Forest Gate North,E05000483,124.768,0,E09000025,Newham
Manor Park,E05000488,133.487,0,E09000025,Newham
Little Ilford,E05000487,189.961,0,E09000025,Newham
Gascoigne,E05000032,113.874,4.906,E09000002,Barking and Dagenham
Thames,E05000039,788.848,120.125,E09000002,Barking and Dagenham
River,E05000038,354.369,41.464,E09000002,Barking and Dagenham
Village,E05000041,214.748,0,E09000002,Barking and Dagenham
Abbey,E05000026,128.292,2.655,E09000002,Barking and Dagenham
Longbridge,E05000035,164.53,0,E09000002,Barking and Dagenham
Eastbury,E05000031,143.921,0,E09000002,Barking and Dagenham
Goresbrook,E05000033,127.782,0,E09000002,Barking and Dagenham
Mayesbrook,E05000036,185.642,0,E09000002,Barking and Dagenham
Becontree,E05000028,128.809,0,E09000002,Barking and Dagenham
Alibon,E05000027,136.442,0,E09000002,Barking and Dagenham
Valence,E05000040,129.284,0,E09000002,Barking and Dagenham
Heath,E05000034,200.128,0,E09000002,Barking and Dagenham
Whalebone,E05000042,155.399,0,E09000002,Barking and Dagenham
Eastbrook,E05000030,345.06,0,E09000002,Barking and Dagenham
Chadwell Heath,E05000029,338.422,0,E09000002,Barking and Dagenham
Parsloes,E05000037,124.384,0,E09000002,Barking and Dagenham
Castle Baynard,E05000010,36.065,6.7,E09000001,City of London
Farringdon Without,E05000018,34.348,2.271,E09000001,City of London
Farringdon Within,E05000017,23.152,0,E09000001,City of London
Cripplegate,E05000015,14.545,0,E09000001,City of London
Langbourn,E05000019,5.633,0,E09000001,City of London
Tower,E05000023,19.734,0.679,E09000001,City of London
Bishopsgate,E05000005,25.271,0,E09000001,City of London
Queenhithe,E05000022,7.954,3.57,E09000001,City of London
Vintry,E05000024,9.211,2.396,E09000001,City of London
Cordwainer,E05000013,6.072,0,E09000001,City of London
Bread Street,E05000006,9.712,0,E09000001,City of London
Cheap,E05000011,8.908,0,E09000001,City of London
Bassishaw,E05000003,10.031,0,E09000001,City of London
Aldersgate,E05000001,8.636,0,E09000001,City of London
Dowgate,E05000016,9.573,2.545,E09000001,City of London
Bridge,E05000007,9.419,2.414,E09000001,City of London
Billingsgate,E05000004,12.163,3.973,E09000001,City of London
Walbrook,E05000025,7.152,0,E09000001,City of London
Cornhill,E05000014,6.478,0,E09000001,City of London
Lime Street,E05000020,5.512,0,E09000001,City of London
Aldgate,E05000002,11.227,0,E09000001,City of London
Broad Street,E05000008,8.188,0,E09000001,City of London
Coleman Street,E05000012,15.404,0,E09000001,City of London
Portsoken,E05000021,6.209,0,E09000001,City of London
Candlewick,E05000009,4.346,0,E09000001,City of London
